Student_ID,Name,Department,Python,Data_Analysis,Mathematics,Attendance
S001,Aarav Sharma,CSE,85,78,90,92
S002,Ananya Singh,CSE,92,88,95,96
S003,Rahul Kumar,IT,72,75,68,85
S004,Priya Verma,CSE,88,91,84,94
S005,Aditya Raj,IT,65,70,72,78
S006,Neha Kumari,CSE,95,93,97,98
S007,Rohan Singh,IT,58,62,60,72
S008,Simran Kaur,CSE,81,85,79,89
S009,Arjun Mehta,ECE,76,74,80,83
S010,Sakshi Gupta,CSE,90,87,92,95
S011,Ankit Kumar,IT,69,73,65,80
S012,Muskan Sharma,ECE,84,79,86,91
S013,Ayush Verma,CSE,55,60,58,68
S014,Riya Singh,IT,89,94,88,97
S015,Kunal Raj,ECE,77,71,75,86
S016,Pooja Kumari,CSE,93,89,91,96
S017,Abhishek Das,IT,63,67,70,76
S018,Ishita Roy,ECE,86,82,89,93
S019,Vivek Kumar,CSE,74,69,77,81
S020,Tanya Singh,IT,91,90,94,98